id,employee_profile_id,country_id
1,1,151
2,1,177
3,2,129
4,2,207
5,3,151
6,4,151
7,5,151
8,5,194
9,6,112
10,7,46
11,8,112
12,9,25
13,10,78
14,10,142
15,11,182
16,12,121
17,12,134
18,13,222
19,14,151
20,15,112
21,16,151
22,17,216
23,17,203
24,18,30
25,18,96
26,19,163
27,19,78
28,20,163
29,21,73
30,22,164
31,23,73
32,24,163
33,25,129
34,26,40
35,27,163
36,28,163
37,28,147
38,29,226
39,30,112
40,31,147
41,32,140
42,33,32
43,34,216
44,34,131
45,35,223
46,36,223
47,37,82
48,38,186
49,39,216
50,40,97
51,40,179
52,41,223
53,42,223
54,43,216
55,44,216
56,45,216
57,46,157
58,46,173
59,47,87
60,48,158
61,49,117
62,49,103
63,50,141
64,51,141
65,52,195
66,52,23
67,53,141
68,54,141
69,55,161
70,56,223
71,57,209
72,58,141
73,59,65
74,60,141
75,61,79
76,62,62
77,63,138
78,64,83
79,64,155
80,65,21
81,65,133
82,66,79
83,67,179
84,68,79
85,69,26
86,70,140
87,70,24
88,71,31
89,72,42
90,73,138
91,74,161
92,75,140
93,75,82
94,76,203
95,77,140
96,77,33
97,78,123
98,78,139
99,79,26
100,80,26
101,81,34
102,81,119
103,82,235
104,83,106
105,83,3
106,84,106
107,85,106
108,85,93
109,86,106
110,87,209
111,88,106
112,89,176
113,89,122
114,90,176
115,91,151
116,92,184
117,93,96
118,93,125
119,94,176
120,95,41
121,96,28
122,97,9
123,97,209
124,98,76
125,99,142
126,100,46
127,100,114
128,101,58
129,102,58
130,102,185
131,103,58
132,104,31
133,105,58
134,106,58
135,106,82
136,107,58
137,108,213
138,109,99
139,110,99
140,110,145
141,111,99
142,112,99
143,113,17
144,114,6
145,115,229
146,116,99
147,117,129
148,117,15
149,118,231
150,119,63
151,119,203
152,120,99
153,121,99
154,121,52
